{
  "metrics": {
    "http_req_sending": {
      "type": "trend",
      "contains": "time",
      "values": {
        "med": 0.042099,
        "p(90)": 0.079773,
        "p(95)": 0.090182,
        "p(99)": 0.126736,
        "max": 0.569965,
        "avg": 0.04857146430713859,
        "min": 0.008406
      }
    },
    "http_req_failed": {
      "values": {
        "rate": 0,
        "passes": 0,
        "fails": 5001
      },
      "thresholds": {
        "rate<0.01": {
          "ok": true
        }
      },
      "type": "rate",
      "contains": "default"
    },
    "checks": {
      "type": "rate",
      "contains": "default",
      "values": {
        "passes": 25000,
        "fails": 0,
        "rate": 1
      }
    },
    "http_req_waiting": {
      "type": "trend",
      "contains": "time",
      "values": {
        "max": 642.054065,
        "avg": 230.40958368026327,
        "min": 93.110552,
        "med": 219.397574,
        "p(90)": 330.659409,
        "p(95)": 368.273015,
        "p(99)": 442.240047
      }
    },
    "http_req_tls_handshaking": {
      "contains": "time",
      "values": {
        "p(99)": 0,
        "max": 0,
        "avg": 0,
        "min": 0,
        "med": 0,
        "p(90)": 0,
        "p(95)": 0
      },
      "type": "trend"
    },
    "http_req_duration{type:student-progress-page-sweep}": {
      "values": {
        "p(95)": 368.85122210000003,
        "p(99)": 443.1171503,
        "max": 642.723769,
        "avg": 230.87036418579993,
        "min": 97.223222,
        "med": 220.0839655,
        "p(90)": 331.0487404000001
      },
      "thresholds": {
        "p(95)<800": {
          "ok": true
        }
      },
      "type": "trend",
      "contains": "time"
    },
    "vus_max": {
      "type": "gauge",
      "contains": "default",
      "values": {
        "value": 30,
        "min": 30,
        "max": 30
      }
    },
    "http_req_duration": {
      "values": {
        "med": 220.077032,
        "p(90)": 331.016982,
        "p(95)": 368.837319,
        "p(99)": 443.115193,
        "max": 642.723769,
        "avg": 230.8428918662267,
        "min": 93.481294
      },
      "type": "trend",
      "contains": "time"
    },
    "http_req_receiving": {
      "type": "trend",
      "contains": "time",
      "values": {
        "p(99)": 1.085113,
        "max": 4.993946,
        "avg": 0.3847367216556687,
        "min": 0.034425,
        "med": 0.337042,
        "p(90)": 0.712787,
        "p(95)": 0.827585
      }
    },
    "data_sent": {
      "type": "counter",
      "contains": "data",
      "values": {
        "count": 2019196,
        "rate": 8077.061243544081
      }
    },
    "data_received": {
      "type": "counter",
      "contains": "data",
      "values": {
        "count": 20935280,
        "rate": 83743.99449619727
      }
    },
    "http_req_duration{expected_response:true}": {
      "type": "trend",
      "contains": "time",
      "values": {
        "p(99)": 443.115193,
        "max": 642.723769,
        "avg": 230.8428918662267,
        "min": 93.481294,
        "med": 220.077032,
        "p(90)": 331.016982,
        "p(95)": 368.837319
      }
    },
    "iterations": {
      "contains": "default",
      "values": {
        "count": 5000,
        "rate": 20.000686519644653
      },
      "type": "counter"
    },
    "vus": {
      "type": "gauge",
      "contains": "default",
      "values": {
        "value": 1,
        "min": 1,
        "max": 30
      }
    },
    "http_reqs": {
      "type": "counter",
      "contains": "default",
      "values": {
        "count": 5001,
        "rate": 20.004686656948582
      }
    },
    "http_req_blocked": {
      "type": "trend",
      "contains": "time",
      "values": {
        "max": 8.761246,
        "avg": 0.060959398720255804,
        "min": 0.002371,
        "med": 0.006187,
        "p(90)": 0.008661,
        "p(95)": 0.009899,
        "p(99)": 2.793678
      }
    },
    "http_req_connecting": {
      "type": "trend",
      "contains": "time",
      "values": {
        "med": 0,
        "p(90)": 0,
        "p(95)": 0,
        "p(99)": 2.655725,
        "max": 8.71169,
        "avg": 0.05263575604879022,
        "min": 0
      }
    },
    "iteration_duration": {
      "type": "trend",
      "contains": "time",
      "values": {
        "p(99)": 2279.279027,
        "max": 2570.430243,
        "avg": 1493.5512112389451,
        "min": 96.791169,
        "med": 1500.374484,
        "p(90)": 2097.325008,
        "p(95)": 2170.661313
      }
    }
  },
  "setup_data": {
    "token": "eyJhbGciOiJIUzI1NiJ9.eyJzdWIiOiIyMDAwMCIsInR5cCI6ImFjY2VzcyIsIm5pY2tuYW1lIjoibG9hZC1hZG1pbiIsInJvbGUiOiJBRE1JTiIsImlhdCI6MTc4MjY0ODQ1NSwiZXhwIjoxNzgyNjUyMDU1fQ.KNgIS-2Whvs9PCEVzgSeLGC9BHb58d-rlkPyHflJt5A"
  },
  "root_group": {
    "path": "",
    "id": "d41d8cd98f00b204e9800998ecf8427e",
    "groups": [],
    "checks": [
        {
          "fails": 0,
          "name": "status is 200",
          "path": "::status is 200",
          "id": "6210a8cd14cd70477eba5c5e4cb3fb5f",
          "passes": 5000
        },
        {
          "passes": 5000,
          "fails": 0,
          "name": "has page content array",
          "path": "::has page content array",
          "id": "e0c3c1f6d3ce97e3b9c59718a947cab1"
        },
        {
          "path": "::page matches request",
          "id": "97691bd161abc0e659f8581e5e5fb182",
          "passes": 5000,
          "fails": 0,
          "name": "page matches request"
        },
        {
          "name": "page size is 20",
          "path": "::page size is 20",
          "id": "2b2cb5e014da1cf31134de40dc959619",
          "passes": 5000,
          "fails": 0
        },
        {
          "name": "page content has 20 items",
          "path": "::page content has 20 items",
          "id": "39a079aef16a1def1c58e1ec82bc3519",
          "passes": 5000,
          "fails": 0
        }
      ],
    "name": ""
  },
  "options": {
    "summaryTrendStats": [
      "avg",
      "min",
      "med",
      "p(90)",
      "p(95)",
      "p(99)",
      "max"
    ],
    "summaryTimeUnit": "",
    "noColor": false
  },
  "state": {
    "isStdErrTTY": true,
    "testRunDurationMs": 249991.418799,
    "isStdOutTTY": true
  }
}