{
  "metrics": {
    "http_reqs": {
      "type": "counter",
      "contains": "default",
      "values": {
        "count": 2501,
        "rate": 20.181773893628055
      }
    },
    "vus": {
      "contains": "default",
      "values": {
        "max": 30,
        "value": 10,
        "min": 10
      },
      "type": "gauge"
    },
    "vus_max": {
      "type": "gauge",
      "contains": "default",
      "values": {
        "value": 30,
        "min": 30,
        "max": 30
      }
    },
    "checks": {
      "type": "rate",
      "contains": "default",
      "values": {
        "passes": 10000,
        "fails": 0,
        "rate": 1
      }
    },
    "iteration_duration": {
      "contains": "time",
      "values": {
        "avg": 1471.7861973654528,
        "min": 211.885109,
        "med": 1478.340031,
        "p(90)": 2060.021589,
        "p(95)": 2132.575045,
        "p(99)": 2243.779583,
        "max": 2754.064855
      },
      "type": "trend"
    },
    "data_received": {
      "type": "counter",
      "contains": "data",
      "values": {
        "count": 10443274,
        "rate": 84271.80910723895
      }
    },
    "iterations": {
      "type": "counter",
      "contains": "default",
      "values": {
        "rate": 20.17370441186331,
        "count": 2500
      }
    },
    "http_req_duration{type:student-progress-page-sweep}": {
      "type": "trend",
      "contains": "time",
      "values": {
        "min": 80.61038,
        "med": 188.711117,
        "p(90)": 256.30931869999995,
        "p(95)": 290.4311704999999,
        "p(99)": 509.693792749997,
        "max": 856.618661,
        "avg": 199.59829879480003
      },
      "thresholds": {
        "p(95)<800": {
          "ok": true
        }
      }
    },
    "data_sent": {
      "type": "counter",
      "contains": "data",
      "values": {
        "rate": 8143.688719053922,
        "count": 1009196
      }
    },
    "http_req_blocked": {
      "type": "trend",
      "contains": "time",
      "values": {
        "min": 0.002662,
        "med": 0.007144,
        "p(90)": 0.010733,
        "p(95)": 0.012709,
        "p(99)": 5.914744,
        "max": 13.771841,
        "avg": 0.12527206597361065
      }
    },
    "http_req_waiting": {
      "type": "trend",
      "contains": "time",
      "values": {
        "p(95)": 289.115672,
        "p(99)": 509.378671,
        "max": 856.012622,
        "avg": 198.9904464326261,
        "min": 80.285025,
        "med": 188.005391,
        "p(90)": 255.777035
      }
    },
    "http_req_failed": {
      "thresholds": {
        "rate<0.01": {
          "ok": true
        }
      },
      "type": "rate",
      "contains": "default",
      "values": {
        "fails": 2501,
        "rate": 0,
        "passes": 0
      }
    },
    "http_req_connecting": {
      "type": "trend",
      "contains": "time",
      "values": {
        "min": 0,
        "med": 0,
        "p(90)": 0,
        "p(95)": 0,
        "p(99)": 5.697221,
        "max": 13.731388,
        "avg": 0.11628954218312675
      }
    },
    "http_req_sending": {
      "contains": "time",
      "values": {
        "max": 0.767283,
        "avg": 0.054480810475809674,
        "min": 0.011616,
        "med": 0.050977,
        "p(90)": 0.082626,
        "p(95)": 0.099491,
        "p(99)": 0.140657
      },
      "type": "trend"
    },
    "http_req_receiving": {
      "type": "trend",
      "contains": "time",
      "values": {
        "p(99)": 1.670903,
        "max": 34.206901,
        "avg": 0.5564366117552983,
        "min": 0.056199,
        "med": 0.511389,
        "p(90)": 0.836914,
        "p(95)": 1.00336
      }
    },
    "http_req_duration": {
      "contains": "time",
      "values": {
        "med": 188.716113,
        "p(90)": 256.289432,
        "p(95)": 290.410887,
        "p(99)": 509.566826,
        "max": 856.618661,
        "avg": 199.60136385485808,
        "min": 80.61038
      },
      "type": "trend"
    },
    "http_req_duration{expected_response:true}": {
      "type": "trend",
      "contains": "time",
      "values": {
        "p(90)": 256.289432,
        "p(95)": 290.410887,
        "p(99)": 509.566826,
        "max": 856.618661,
        "avg": 199.60136385485808,
        "min": 80.61038,
        "med": 188.716113
      }
    },
    "http_req_tls_handshaking": {
      "type": "trend",
      "contains": "time",
      "values": {
        "med": 0,
        "p(90)": 0,
        "p(95)": 0,
        "p(99)": 0,
        "max": 0,
        "avg": 0,
        "min": 0
      }
    }
  },
  "setup_data": {
    "token": "eyJhbGciOiJIUzI1NiJ9.eyJzdWIiOiIyMDAwMCIsInR5cCI6ImFjY2VzcyIsIm5pY2tuYW1lIjoibG9hZC1hZG1pbiIsInJvbGUiOiJBRE1JTiIsImlhdCI6MTc4MjM3NTAzMSwiZXhwIjoxNzgyMzc4NjMxfQ.KSg3_AU2kKEgDYNLgXrP0N_hzUypHPUufPQpBA7NRsY"
  },
  "root_group": {
    "name": "",
    "path": "",
    "id": "d41d8cd98f00b204e9800998ecf8427e",
    "groups": [],
    "checks": [
        {
          "name": "status is 200",
          "path": "::status is 200",
          "id": "6210a8cd14cd70477eba5c5e4cb3fb5f",
          "passes": 2500,
          "fails": 0
        },
        {
          "id": "e0c3c1f6d3ce97e3b9c59718a947cab1",
          "passes": 2500,
          "fails": 0,
          "name": "has page content array",
          "path": "::has page content array"
        },
        {
          "name": "page matches request",
          "path": "::page matches request",
          "id": "97691bd161abc0e659f8581e5e5fb182",
          "passes": 2500,
          "fails": 0
        },
        {
          "name": "page size is 20",
          "path": "::page size is 20",
          "id": "2b2cb5e014da1cf31134de40dc959619",
          "passes": 2500,
          "fails": 0
        }
      ]
  },
  "options": {
    "summaryTrendStats": [
      "avg",
      "min",
      "med",
      "p(90)",
      "p(95)",
      "p(99)",
      "max"
    ],
    "summaryTimeUnit": "",
    "noColor": false
  },
  "state": {
    "isStdOutTTY": true,
    "isStdErrTTY": true,
    "testRunDurationMs": 123923.695369
  }
}