{
  "state": {
    "isStdOutTTY": true,
    "isStdErrTTY": true,
    "testRunDurationMs": 71955.875219
  },
  "metrics": {
    "data_received": {
      "values": {
        "count": 811130,
        "rate": 11272.602793466134
      },
      "type": "counter",
      "contains": "data"
    },
    "http_req_duration": {
      "type": "trend",
      "contains": "time",
      "values": {
        "avg": 19.03707696145119,
        "min": 10.898918,
        "med": 17.524157,
        "p(90)": 24.887356399999998,
        "p(95)": 28.032675399999995,
        "p(99)": 34.43719475999998,
        "max": 453.17402
      }
    },
    "vus_max": {
      "type": "gauge",
      "contains": "default",
      "values": {
        "value": 30,
        "min": 30,
        "max": 30
      }
    },
    "iterations": {
      "type": "counter",
      "contains": "default",
      "values": {
        "count": 1322,
        "rate": 18.37237051146207
      }
    },
    "vus": {
      "values": {
        "value": 2,
        "min": 1,
        "max": 30
      },
      "type": "gauge",
      "contains": "default"
    },
    "http_req_tls_handshaking": {
      "type": "trend",
      "contains": "time",
      "values": {
        "p(90)": 0,
        "p(95)": 0,
        "p(99)": 0,
        "max": 0,
        "avg": 0,
        "min": 0,
        "med": 0
      }
    },
    "http_req_sending": {
      "values": {
        "p(90)": 0.07020999999999998,
        "p(95)": 0.0968973999999999,
        "p(99)": 0.19123339999999991,
        "max": 0.443434,
        "avg": 0.044318416477702086,
        "min": 0.007781,
        "med": 0.03976
      },
      "type": "trend",
      "contains": "time"
    },
    "http_reqs": {
      "values": {
        "count": 1323,
        "rate": 18.38626791729525
      },
      "type": "counter",
      "contains": "default"
    },
    "http_req_waiting": {
      "type": "trend",
      "contains": "time",
      "values": {
        "p(99)": 33.87101417999997,
        "max": 450.633923,
        "avg": 18.353325282690868,
        "min": 10.571734,
        "med": 16.88636,
        "p(90)": 23.937503799999998,
        "p(95)": 26.941137499999993
      }
    },
    "http_req_failed": {
      "thresholds": {
        "rate<0.01": {
          "ok": true
        }
      },
      "type": "rate",
      "contains": "default",
      "values": {
        "rate": 0,
        "passes": 0,
        "fails": 1323
      }
    },
    "http_req_duration{expected_response:true}": {
      "contains": "time",
      "values": {
        "avg": 19.03707696145119,
        "min": 10.898918,
        "med": 17.524157,
        "p(90)": 24.887356399999998,
        "p(95)": 28.032675399999995,
        "p(99)": 34.43719475999998,
        "max": 453.17402
      },
      "type": "trend"
    },
    "http_req_blocked": {
      "type": "trend",
      "contains": "time",
      "values": {
        "p(95)": 0.017401199999999895,
        "p(99)": 3.307795819999998,
        "max": 9.691525,
        "avg": 0.09051367951625076,
        "min": 0.002468,
        "med": 0.006828,
        "p(90)": 0.010284599999999998
      }
    },
    "http_req_receiving": {
      "type": "trend",
      "contains": "time",
      "values": {
        "min": 0.043766,
        "med": 0.580313,
        "p(90)": 1.0641532,
        "p(95)": 1.321386999999997,
        "p(99)": 1.9880368599999998,
        "max": 4.760944,
        "avg": 0.6394332622826903
      }
    },
    "data_sent": {
      "type": "counter",
      "contains": "data",
      "values": {
        "count": 484062,
        "rate": 6727.206062420085
      }
    },
    "iteration_duration": {
      "type": "trend",
      "contains": "time",
      "values": {
        "min": 456.244215,
        "med": 1257.288748,
        "p(90)": 1861.2046922,
        "p(95)": 1940.1510883999997,
        "p(99)": 2006.4444702800001,
        "max": 2035.940653,
        "avg": 1269.3723498707475
      }
    },
    "http_req_duration{type:student-progress}": {
      "type": "trend",
      "contains": "time",
      "values": {
        "p(99)": 33.97952222999999,
        "max": 108.300721,
        "avg": 18.70868290468981,
        "min": 10.898918,
        "med": 17.518696,
        "p(90)": 24.86219400000001,
        "p(95)": 27.996509350000004
      },
      "thresholds": {
        "p(95)<800": {
          "ok": true
        }
      }
    },
    "http_req_connecting": {
      "contains": "time",
      "values": {
        "p(99)": 3.0897395,
        "max": 9.526704,
        "avg": 0.07891125472411185,
        "min": 0,
        "med": 0,
        "p(90)": 0,
        "p(95)": 0
      },
      "type": "trend"
    },
    "checks": {
      "type": "rate",
      "contains": "default",
      "values": {
        "rate": 1,
        "passes": 2644,
        "fails": 0
      }
    }
  },
  "setup_data": {
    "token": "eyJhbGciOiJIUzI1NiJ9.eyJzdWIiOiIyMDAwMCIsInR5cCI6ImFjY2VzcyIsIm5pY2tuYW1lIjoibG9hZC1hZG1pbiIsInJvbGUiOiJBRE1JTiIsImlhdCI6MTc4MjI5NDg1OSwiZXhwIjoxNzgyMjk4NDU5fQ.gY9HyS25BPmB17RGv71pAjXO2j15r4i4lsHPom_Pe48"
  },
  "root_group": {
    "checks": [
      {
        "path": "::status is 200",
        "id": "6210a8cd14cd70477eba5c5e4cb3fb5f",
        "passes": 1322,
        "fails": 0,
        "name": "status is 200"
      },
      {
        "name": "has page content array",
        "path": "::has page content array",
        "id": "e0c3c1f6d3ce97e3b9c59718a947cab1",
        "passes": 1322,
        "fails": 0
      }
    ],
    "name": "",
    "path": "",
    "id": "d41d8cd98f00b204e9800998ecf8427e",
    "groups": []
  },
  "options": {
    "summaryTrendStats": [
      "avg",
      "min",
      "med",
      "p(90)",
      "p(95)",
      "p(99)",
      "max"
    ],
    "summaryTimeUnit": "",
    "noColor": false
  }
}