{
  "state": {
    "isStdOutTTY": true,
    "isStdErrTTY": true,
    "testRunDurationMs": 72923.207321
  },
  "metrics": {
    "http_req_sending": {
      "type": "trend",
      "contains": "time",
      "values": {
        "p(90)": 0.08651860000000001,
        "p(95)": 0.12022139999999994,
        "p(99)": 0.1820531799999998,
        "max": 0.67982,
        "avg": 0.05613148714384989,
        "min": 0.010133,
        "med": 0.051898
      }
    },
    "http_req_tls_handshaking": {
      "type": "trend",
      "contains": "time",
      "values": {
        "p(99)": 0,
        "max": 0,
        "avg": 0,
        "min": 0,
        "med": 0,
        "p(90)": 0,
        "p(95)": 0
      }
    },
    "http_req_receiving": {
      "type": "trend",
      "contains": "time",
      "values": {
        "med": 0.570986,
        "p(90)": 1.0734068,
        "p(95)": 1.3243581,
        "p(99)": 2.13216109999999,
        "max": 6.310288,
        "avg": 0.6442371591382917,
        "min": 0.052812
      }
    },
    "http_req_failed": {
      "type": "rate",
      "contains": "default",
      "values": {
        "rate": 0,
        "passes": 0,
        "fails": 1439
      },
      "thresholds": {
        "rate<0.01": {
          "ok": true
        }
      }
    },
    "data_sent": {
      "contains": "data",
      "values": {
        "count": 484814,
        "rate": 6648.281360773144
      },
      "type": "counter"
    },
    "checks": {
      "type": "rate",
      "contains": "default",
      "values": {
        "rate": 1,
        "passes": 4314,
        "fails": 0
      }
    },
    "iteration_duration": {
      "type": "trend",
      "contains": "time",
      "values": {
        "min": 663.135859,
        "med": 1954.486293,
        "p(90)": 2678.5007186000003,
        "p(95)": 2858.8447369999994,
        "p(99)": 3116.26201132,
        "max": 3717.674725,
        "avg": 1948.5318386900622
      }
    },
    "iterations": {
      "type": "counter",
      "contains": "default",
      "values": {
        "count": 1438,
        "rate": 19.719374021360316
      }
    },
    "http_req_duration{type:entry}": {
      "type": "trend",
      "contains": "time",
      "values": {
        "p(99)": 1647.105580879999,
        "max": 1897.875032,
        "avg": 721.3083426335195,
        "min": 70.2381,
        "med": 769.5216785,
        "p(90)": 1112.2393771999998,
        "p(95)": 1245.3244540999997
      },
      "thresholds": {
        "p(95)<800": {
          "ok": false
        },
        "p(99)<2000": {
          "ok": true
        }
      }
    },
    "http_req_blocked": {
      "type": "trend",
      "contains": "time",
      "values": {
        "med": 0.008597,
        "p(90)": 0.012032000000000001,
        "p(95)": 0.033343999999999846,
        "p(99)": 3.999903679999992,
        "max": 7.153613,
        "avg": 0.1411111487143844,
        "min": 0.003591
      }
    },
    "http_req_duration": {
      "type": "trend",
      "contains": "time",
      "values": {
        "p(99)": 1647.0276681199991,
        "max": 1897.875032,
        "avg": 721.6125656275198,
        "min": 70.2381,
        "med": 769.639951,
        "p(90)": 1112.498868,
        "p(95)": 1245.2412683999999
      }
    },
    "http_req_duration{expected_response:true}": {
      "type": "trend",
      "contains": "time",
      "values": {
        "p(95)": 1245.2412683999999,
        "p(99)": 1647.0276681199991,
        "max": 1897.875032,
        "avg": 721.6125656275198,
        "min": 70.2381,
        "med": 769.639951,
        "p(90)": 1112.498868
      }
    },
    "http_req_waiting": {
      "contains": "time",
      "values": {
        "min": 70.020023,
        "med": 768.841537,
        "p(90)": 1111.6863678,
        "p(95)": 1244.7858933999998,
        "p(99)": 1646.5682847599992,
        "max": 1897.447161,
        "avg": 720.9121969812375
      },
      "type": "trend"
    },
    "vus": {
      "type": "gauge",
      "contains": "default",
      "values": {
        "value": 2,
        "min": 0,
        "max": 50
      }
    },
    "vus_max": {
      "type": "gauge",
      "contains": "default",
      "values": {
        "value": 50,
        "min": 50,
        "max": 50
      }
    },
    "http_reqs": {
      "contains": "default",
      "values": {
        "count": 1439,
        "rate": 19.733087077007994
      },
      "type": "counter"
    },
    "http_req_connecting": {
      "type": "trend",
      "contains": "time",
      "values": {
        "min": 0,
        "med": 0,
        "p(90)": 0,
        "p(95)": 0,
        "p(99)": 3.8180480199999893,
        "max": 6.966387,
        "avg": 0.12519457123002084
      }
    },
    "data_received": {
      "type": "counter",
      "contains": "data",
      "values": {
        "count": 10116954,
        "rate": 138734.35318699398
      }
    }
  },
  "setup_data": {
    "token": "eyJhbGciOiJIUzI1NiJ9.eyJzdWIiOiIxIiwidHlwIjoiYWNjZXNzIiwibmlja25hbWUiOiJsb2FkdGVzdGVyIiwicm9sZSI6IlNUVURFTlQiLCJpYXQiOjE3ODE3NzIyMjksImV4cCI6MTc4MTc3NTgyOX0.LMax1NxmtHs-tCa-m8n6_EJzEEB_e_MPRguMmKuPk6E"
  },
  "root_group": {
    "name": "",
    "path": "",
    "id": "d41d8cd98f00b204e9800998ecf8427e",
    "groups": [],
    "checks": [
        {
          "path": "::status is 200",
          "id": "6210a8cd14cd70477eba5c5e4cb3fb5f",
          "passes": 1438,
          "fails": 0,
          "name": "status is 200"
        },
        {
          "name": "has problemSetId",
          "path": "::has problemSetId",
          "id": "5678b9b28638de3e1b8680fff0fe5794",
          "passes": 1438,
          "fails": 0
        },
        {
          "name": "has problems array",
          "path": "::has problems array",
          "id": "0c4326b19c817e8da3e0e2915a19a6ea",
          "passes": 1438,
          "fails": 0
        }
      ]
  },
  "options": {
    "summaryTrendStats": [
      "avg",
      "min",
      "med",
      "p(90)",
      "p(95)",
      "p(99)",
      "max"
    ],
    "summaryTimeUnit": "",
    "noColor": false
  }
}