{
  "metrics": {
    "http_req_connecting": {
      "type": "trend",
      "contains": "time",
      "values": {
        "p(95)": 2.5919488499999996,
        "p(99)": 2.61213617,
        "max": 2.617183,
        "avg": 2.3648415,
        "min": 2.1125,
        "med": 2.3648415,
        "p(90)": 2.5667147
      }
    },
    "data_received": {
      "type": "counter",
      "contains": "data",
      "values": {
        "rate": 183.4148107853935,
        "count": 1580
      }
    },
    "http_req_waiting": {
      "type": "trend",
      "contains": "time",
      "values": {
        "p(95)": 7118.2759045,
        "p(99)": 7413.0453705,
        "max": 7486.737737,
        "avg": 3802.119412,
        "min": 117.501087,
        "med": 3802.1194120000005,
        "p(90)": 6749.814072
      }
    },
    "http_req_duration": {
      "type": "trend",
      "contains": "time",
      "values": {
        "max": 7487.834332,
        "avg": 3802.928199,
        "min": 118.022066,
        "med": 3802.9281990000004,
        "p(90)": 6750.853105400001,
        "p(95)": 7119.3437187,
        "p(99)": 7414.13620934
      }
    },
    "http_req_duration{expected_response:true}": {
      "type": "trend",
      "contains": "time",
      "values": {
        "med": 3802.9281990000004,
        "p(90)": 6750.853105400001,
        "p(95)": 7119.3437187,
        "p(99)": 7414.13620934,
        "max": 7487.834332,
        "avg": 3802.928199,
        "min": 118.022066
      }
    },
    "http_req_receiving": {
      "type": "trend",
      "contains": "time",
      "values": {
        "avg": 0.7126975,
        "min": 0.388467,
        "med": 0.7126975,
        "p(90)": 0.9720819,
        "p(95)": 1.00450495,
        "p(99)": 1.03044339,
        "max": 1.036928
      }
    },
    "http_req_tls_handshaking": {
      "values": {
        "p(99)": 0,
        "max": 0,
        "avg": 0,
        "min": 0,
        "med": 0,
        "p(90)": 0,
        "p(95)": 0
      },
      "type": "trend",
      "contains": "time"
    },
    "data_sent": {
      "type": "counter",
      "contains": "data",
      "values": {
        "rate": 67.67774347334456,
        "count": 583
      }
    },
    "vus": {
      "type": "gauge",
      "contains": "default",
      "values": {
        "max": 1,
        "value": 1,
        "min": 1
      }
    },
    "http_req_blocked": {
      "type": "trend",
      "contains": "time",
      "values": {
        "p(99)": 3.1599489000000003,
        "max": 3.169897,
        "avg": 2.672492,
        "min": 2.175087,
        "med": 2.672492,
        "p(90)": 3.0704160000000003,
        "p(95)": 3.1201565
      }
    },
    "iteration_duration": {
      "type": "trend",
      "contains": "time",
      "values": {
        "p(90)": 7656.5170846,
        "p(95)": 8075.090651299999,
        "p(99)": 8409.94950466,
        "max": 8493.664218,
        "avg": 4307.928551,
        "min": 122.192884,
        "med": 4307.928551
      }
    },
    "vus_max": {
      "type": "gauge",
      "contains": "default",
      "values": {
        "value": 1,
        "min": 1,
        "max": 1
      }
    },
    "checks": {
      "type": "rate",
      "contains": "default",
      "values": {
        "rate": 1,
        "passes": 3,
        "fails": 0
      }
    },
    "http_req_duration{type:recommendation_generation}": {
      "type": "trend",
      "contains": "time",
      "values": {
        "med": 7487.834332,
        "p(90)": 7487.834332,
        "p(95)": 7487.834332,
        "p(99)": 7487.834332,
        "max": 7487.834332,
        "avg": 7487.834332,
        "min": 7487.834332
      },
      "thresholds": {
        "p(95)<300000": {
          "ok": true
        }
      }
    },
    "http_reqs": {
      "type": "counter",
      "contains": "default",
      "values": {
        "count": 2,
        "rate": 0.23217064656378925
      }
    },
    "iterations": {
      "type": "counter",
      "contains": "default",
      "values": {
        "count": 1,
        "rate": 0.11608532328189462
      }
    },
    "http_req_failed": {
      "type": "rate",
      "contains": "default",
      "values": {
        "rate": 0,
        "passes": 0,
        "fails": 2
      },
      "thresholds": {
        "rate<0.01": {
          "ok": true
        }
      }
    },
    "http_req_sending": {
      "type": "trend",
      "contains": "time",
      "values": {
        "p(99)": 0.13178354999999997,
        "max": 0.132512,
        "avg": 0.0960895,
        "min": 0.059667,
        "med": 0.0960895,
        "p(90)": 0.1252275,
        "p(95)": 0.12886975
      }
    }
  },
  "setup_data": {
    "token": "eyJhbGciOiJIUzI1NiJ9.eyJzdWIiOiIxIiwidHlwIjoiYWNjZXNzIiwibmlja25hbWUiOiJsb2FkdGVzdGVyIiwicm9sZSI6IlNUVURFTlQiLCJpYXQiOjE3ODIxOTQzNzksImV4cCI6MTc4MjE5Nzk3OX0.xTylttiGJ0GDaez4M6l8aBcfwtWrWGNUrWtKgXP3Weo"
  },
  "root_group": {
    "path": "",
    "id": "d41d8cd98f00b204e9800998ecf8427e",
    "groups": [],
    "checks": [
        {
          "path": "::status is 200",
          "id": "6210a8cd14cd70477eba5c5e4cb3fb5f",
          "passes": 1,
          "fails": 0,
          "name": "status is 200"
        },
        {
          "name": "trigger completed",
          "path": "::trigger completed",
          "id": "0348f4e6314173dbd4ffbdf52b721fe7",
          "passes": 1,
          "fails": 0
        },
        {
          "name": "generated user count exists",
          "path": "::generated user count exists",
          "id": "a2538663867a517527128c4a8b8d3016",
          "passes": 1,
          "fails": 0
        }
      ],
    "name": ""
  },
  "options": {
    "summaryTrendStats": [
      "avg",
      "min",
      "med",
      "p(90)",
      "p(95)",
      "p(99)",
      "max"
    ],
    "summaryTimeUnit": "",
    "noColor": false
  },
  "state": {
    "isStdOutTTY": false,
    "isStdErrTTY": false,
    "testRunDurationMs": 8614.353406
  }
}